gene_id	num_feature	embed_type	F_obs	p_F_analytic
ENSG00000004975.7	50	concat_tss_atac_pca50	2.3296330508457954	3.967447760952055e-07
ENSG00000005001.5	50	concat_atac_pca50	2.5903175533809124	7.688001017098594e-09
ENSG00000006059.3	50	concat_tss_dnase_pca50	2.262704485589329	1.048627649743971e-06
ENSG00000010256.6	50	concat_cage_pca50	2.293896332449882	6.681429405797458e-07
ENSG00000023041.7	50	concat_cage_dnase_pca50	2.2030139120910723	2.45652615768144e-06
ENSG00000043591.4	50	concat_rnaseq_cage_pca50	2.255629538900576	1.160862814244071e-06
ENSG00000053371.8	50	concat_rnaseq_cage_pca50	2.2198115965833742	1.936191722865695e-06
ENSG00000053501.8	50	concat_dnase_atac_pca50	2.232493940542956	1.6164150803391452e-06
ENSG00000064195.7	50	concat_cage_pca50	2.337138244907267	3.553825896102915e-07
ENSG00000064547.9	50	concat_tss_dnase_pca50	2.314139126764565	4.976451311111966e-07
ENSG00000065518.7	50	concat_tss_cage_dnase_atac_pca50	2.220257283619101	1.923970526336572e-06
ENSG00000065970.4	50	concat_cage_pca50	2.210162317585043	2.220213519566022e-06
ENSG00000069011.11	50	concat_cage_pca50	2.815756234024936	2.1317241199234043e-10
ENSG00000076248.6	50	concat_tss_rnaseq_cage_dnase_pca50	2.244810722582564	1.3556070403904618e-06
ENSG00000085265.6	50	concat_cage_pca50	2.3529867846120465	2.814594159619721e-07
ENSG00000088356.4	50	concat_tss_dnase_pca50	2.2176180522426616	1.9974568767979645e-06
ENSG00000090238.7	50	concat_tss_atac_pca50	2.5989542340480347	6.719965726752432e-09
ENSG00000099840.9	50	concat_tss_atac_pca50	2.4529031228786167	6.331763079771757e-08
ENSG00000100918.8	50	concat_tss_rnaseq_pca50	2.2107360174178194	2.202242891359807e-06
ENSG00000103363.10	50	concat_cage_pca50	2.3269909113714404	4.124026547113851e-07
ENSG00000104976.7	50	concat_tss_dnase_pca50	2.7703734254510723	4.438383811970418e-10
ENSG00000105516.6	50	concat_rnaseq_pca50	2.2103675620642087	2.213767998649909e-06
ENSG00000105640.8	50	concat_dnase_atac_pca50	2.226156691557295	1.769145605296497e-06
ENSG00000105672.10	50	concat_tss_atac_pca50	2.2323802082420534	1.6190387596936177e-06
ENSG00000105825.7	50	concat_tss_cage_pca50	2.330041916613854	3.943744864171786e-07
ENSG00000106031.6	50	concat_tss_rnaseq_pca50	2.256714236644159	1.142921498010091e-06
ENSG00000106077.14	50	concat_atac_pca50	2.378517429448553	1.929246948467427e-07
ENSG00000106538.5	50	concat_tss_atac_pca50	2.259766172703936	1.0938864794164804e-06
ENSG00000108688.7	50	concat_tss_atac_pca50	2.2154889613363227	2.058734578672471e-06
ENSG00000108702.3	50	concat_rnaseq_dnase_atac_pca50	2.212179407058956	2.1576571673767766e-06
ENSG00000109445.6	50	concat_cage_dnase_pca50	2.3875628813413186	1.6866228452223065e-07
ENSG00000110697.8	5	add_tss_cage_dnase_pca5	7.596878117006725	4.025843520319194e-07
ENSG00000111644.3	50	concat_cage_pca50	2.275290931540129	8.746599836176407e-07
ENSG00000115009.7	50	concat_atac_pca50	2.832755665966649	1.6173905122336028e-10
ENSG00000115267.5	50	concat_rnaseq_pca50	2.239337688218822	1.465970901857812e-06
ENSG00000116652.5	50	concat_atac_pca50	2.217248849528417	2.007953495643812e-06
ENSG00000117122.9	50	concat_atac_pca50	2.4109853999948934	1.1892230665821645e-07
ENSG00000118137.5	50	concat_rnaseq_cage_pca50	2.213457969223528	2.1189015086615583e-06
ENSG00000120471.10	50	concat_cage_pca50	2.4875404984983547	3.7436988840961934e-08
ENSG00000122592.6	50	concat_tss_rnaseq_pca50	2.290241152846409	7.045259954828751e-07
ENSG00000123349.9	50	concat_tss_cage_pca50	2.2076468100767475	2.300718032374912e-06
ENSG00000125148.6	50	concat_tss_atac_pca50	2.268453494772848	9.65320889379709e-07
ENSG00000125266.6	50	concat_tss_dnase_pca50	2.3911118065631745	1.5998559255551686e-07
ENSG00000125815.4	50	concat_cage_pca50	2.2037439685490385	2.4313061073757588e-06
ENSG00000125901.5	50	concat_atac_pca50	2.2411120626991097	1.4292598039447475e-06
ENSG00000126067.7	50	concat_dnase_pca50	2.3341743162096447	3.711850535537378e-07
ENSG00000126456.11	50	concat_atac_pca50	2.3989182901132025	1.42414942433426e-07
ENSG00000126746.13	50	concat_cage_atac_pca50	2.23921801053851	1.4684799612404206e-06
ENSG00000126814.6	50	concat_atac_pca50	2.2709751999217285	9.308600873288398e-07
ENSG00000127529.7	50	concat_tss_atac_pca50	2.269221671997043	9.546928764923666e-07
ENSG00000127540.7	50	concat_cage_pca50	2.362185229500641	2.4572056003127497e-07
ENSG00000128590.4	50	concat_cage_pca50	2.250913379110957	1.2421315222652707e-06
ENSG00000128594.3	50	concat_dnase_pca50	2.210288799802407	2.216239289820047e-06
ENSG00000129226.9	50	concat_tss_rnaseq_pca50	2.213510986007221	2.1173092649360195e-06
ENSG00000129355.6	50	concat_cage_pca50	2.2914095288598717	6.926897960999459e-07
ENSG00000129450.4	50	concat_rnaseq_pca50	2.2250036930439747	1.798413643064208e-06
ENSG00000132275.6	50	concat_tss_cage_pca50	2.267248896182394	9.822208964710535e-07
ENSG00000132507.13	50	concat_tss_cage_pca50	2.2791631351359887	8.270760237096336e-07
ENSG00000132591.7	50	concat_tss_cage_atac_pca50	2.305963232372364	5.606383516938773e-07
ENSG00000132688.10	50	concat_tss_atac_pca50	2.323415697212521	4.345596398978742e-07
ENSG00000132692.14	50	concat_tss_dnase_pca50	2.321181746583409	4.4899320279562114e-07
ENSG00000133250.9	50	concat_rnaseq_dnase_pca50	2.208306235956168	2.2793421802431154e-06
ENSG00000135447.12	50	concat_tss_cage_pca50	2.277682612207476	8.449620817669573e-07
ENSG00000135722.4	50	concat_atac_pca50	2.2138374763685387	2.1075296128424823e-06
ENSG00000135925.4	50	concat_rnaseq_pca50	2.485876271954139	3.839790551551666e-08
ENSG00000135940.2	50	concat_atac_pca50	2.9064841950079674	4.8414079908611755e-11
ENSG00000136327.6	50	concat_tss_atac_pca50	2.269477472438913	9.511793063830866e-07
ENSG00000136710.5	50	concat_tss_atac_pca50	2.214209573587588	2.096437750002643e-06
ENSG00000136872.13	50	concat_tss_rnaseq_pca50	2.2341602343724105	1.5784494870383755e-06
ENSG00000137285.9	50	concat_cage_pca50	2.207651333488101	2.30057073619332e-06
ENSG00000137673.4	50	concat_rnaseq_cage_atac_pca50	2.248181200363588	1.2917353502015049e-06
ENSG00000138615.4	50	concat_cage_dnase_atac_pca50	2.278639754237669	8.333561063971227e-07
ENSG00000139266.5	50	concat_tss_dnase_pca50	2.397960888894456	1.4446323004425726e-07
ENSG00000139351.10	50	concat_rnaseq_pca50	2.281614252499075	7.982770846981709e-07
ENSG00000139546.6	50	concat_atac_pca50	2.226875884479791	1.7511260978345318e-06
ENSG00000139800.8	50	concat_tss_atac_pca50	2.2233295128512744	1.841757023341435e-06
ENSG00000140319.6	50	concat_tss_rnaseq_atac_pca50	2.212636917326856	2.143710117390917e-06
ENSG00000140939.10	50	concat_dnase_pca50	2.203228505002844	2.449086534585752e-06
ENSG00000141965.3	50	concat_tss_cage_pca50	2.261412896806388	1.0682913359248164e-06
ENSG00000143537.9	50	concat_atac_pca50	2.3089460291688715	5.367987741274951e-07
ENSG00000143543.10	50	concat_atac_pca50	2.4725141082104463	4.70468585606167e-08
ENSG00000145040.3	50	concat_tss_cage_pca50	2.2120592986160568	2.161333324120786e-06
ENSG00000145287.6	50	concat_tss_rnaseq_cage_dnase_atac_pca50	2.219422567775472	1.9469213752692265e-06
ENSG00000145649.7	50	concat_tss_dnase_pca50	2.275787936464765	8.684055341055898e-07
ENSG00000146006.7	50	concat_tss_rnaseq_pca50	2.224242373871559	1.8179984485089136e-06
ENSG00000146242.5	50	concat_tss_cage_pca50	2.2252375316626174	1.7924397544055884e-06
ENSG00000146385.1	50	concat_tss_atac_pca50	2.3092451648446506	5.344635905034837e-07
ENSG00000147804.5	50	concat_tss_cage_pca50	2.2122349850928487	2.155958162906157e-06
ENSG00000149541.5	50	concat_atac_pca50	2.333421532116445	3.7530723898643597e-07
ENSG00000149806.6	50	concat_atac_pca50	2.406265003411864	1.2761952140130434e-07
ENSG00000150269.1	50	concat_atac_pca50	2.6714670975646797	2.151419679547137e-09
ENSG00000153140.4	50	concat_atac_pca50	2.6928830834604374	1.532246528571935e-09
ENSG00000155026.12	50	concat_tss_cage_pca50	2.211137988579221	2.18973638640342e-06
ENSG00000155760.1	50	concat_tss_cage_pca50	2.5903895725678208	7.679385735845102e-09
ENSG00000156509.9	50	concat_rnaseq_dnase_pca50	2.297105240776489	6.377258778221669e-07
ENSG00000158122.7	50	concat_cage_pca50	2.2030002600552003	2.457000201076572e-06
ENSG00000158481.8	50	concat_atac_pca50	2.270835499823304	9.327372194995292e-07
ENSG00000158710.10	50	concat_atac_pca50	2.34501481448533	3.165287985082677e-07
ENSG00000158764.6	50	concat_cage_dnase_pca50	2.2632936563802803	1.0397761028920958e-06
ENSG00000159147.13	50	concat_tss_cage_pca50	2.248381414126547	1.2880354303938074e-06
ENSG00000159713.6	50	concat_rnaseq_pca50	2.319693752257375	4.588671875293419e-07
ENSG00000160055.15	50	concat_cage_pca50	2.3074360616244296	5.487399235231418e-07
ENSG00000160202.3	50	concat_tss_atac_pca50	2.2410165209911908	1.4312133799109146e-06
ENSG00000160683.4	50	concat_rnaseq_pca50	2.315270186278027	4.894967104126182e-07
ENSG00000162188.5	50	concat_rnaseq_cage_dnase_atac_pca50	2.2334065090575805	1.595513302987062e-06
ENSG00000162241.8	50	concat_rnaseq_pca50	2.247430579495264	1.3056996271456097e-06
ENSG00000162384.9	50	concat_rnaseq_cage_pca50	2.5743752787466128	9.849858037218404e-09
ENSG00000162461.7	50	concat_tss_atac_pca50	2.319002701218646	4.63525022787336e-07
ENSG00000162543.5	50	concat_tss_atac_pca50	2.25408611883458	1.186868131736679e-06
ENSG00000163386.16	50	concat_tss_dnase_pca50	2.3796722430469237	1.896458070415994e-07
ENSG00000163462.13	50	concat_tss_atac_pca50	2.253578636623209	1.1955428236761483e-06
ENSG00000163599.10	50	concat_cage_pca50	2.611321015058139	5.5399011627720825e-09
ENSG00000163840.5	50	concat_rnaseq_cage_dnase_pca50	2.205533590143664	2.370549666264678e-06
ENSG00000163993.6	50	concat_rnaseq_pca50	2.234944757706008	1.560878245679226e-06
ENSG00000164082.10	50	concat_tss_cage_pca50	2.283539104624703	7.763528383656977e-07
ENSG00000164266.6	50	concat_atac_pca50	2.36759968245744	2.2681013057933546e-07
ENSG00000164645.2	50	concat_tss_rnaseq_dnase_pca50	2.267652513201301	9.765262642861234e-07
ENSG00000164920.5	50	concat_tss_atac_pca50	2.260573421146904	1.0812651510565418e-06
ENSG00000165030.3	50	concat_dnase_pca50	2.2062879869544108	2.345385748095714e-06
ENSG00000165655.14	50	concat_atac_pca50	2.2332698322619158	1.5986268588211686e-06
ENSG00000166801.11	50	concat_cage_pca50	2.583994815907567	8.482740751173218e-09
ENSG00000167524.10	50	concat_tss_atac_pca50	2.5155276543791767	2.4411354245659403e-08
ENSG00000168101.10	5	add_tss_rnaseq_dnase_pca5	6.881048761327184	2.071213402513845e-06
ENSG00000168615.7	50	concat_cage_pca50	2.2193557131251325	1.948771118081973e-06
ENSG00000168672.3	50	concat_cage_pca50	2.355976532368289	2.693164372293474e-07
ENSG00000168701.14	50	concat_tss_atac_pca50	2.269091071623987	9.56491652465135e-07
ENSG00000168746.6	50	concat_cage_pca50	2.47987644720197	4.20682177256159e-08
ENSG00000169217.4	50	concat_tss_dnase_pca50	2.2042795633458043	2.4129650543085945e-06
ENSG00000169327.3	50	concat_atac_pca50	2.23132373321595	1.6436106015472873e-06
ENSG00000169635.5	50	concat_cage_pca50	2.5182926796222675	2.3398197550790925e-08
ENSG00000169884.9	50	concat_cage_pca50	2.208138876317625	2.2847488135107548e-06
ENSG00000169962.4	50	concat_rnaseq_atac_pca50	2.266266197203449	9.962222481415273e-07
ENSG00000170790.4	50	concat_tss_cage_pca50	2.5092775501546467	2.6863586218206456e-08
ENSG00000170866.7	50	concat_cage_pca50	2.2880708952487727	7.270404782569643e-07
ENSG00000170989.8	50	concat_atac_pca50	2.4731362980629954	4.660457817431653e-08
ENSG00000171133.2	50	concat_atac_pca50	2.390107118708911	1.6239637897147833e-07
ENSG00000171786.5	50	concat_tss_rnaseq_pca50	2.211648238829134	2.173961062895036e-06
ENSG00000171855.5	50	concat_atac_pca50	2.803641580787998	2.5940979322808856e-10
ENSG00000172115.4	50	concat_cage_pca50	2.239635860779452	1.4597379194388158e-06
ENSG00000172324.4	50	concat_tss_atac_pca50	2.28243336904695	7.888740412688446e-07
ENSG00000172381.3	50	concat_rnaseq_cage_atac_pca50	2.2302918249699606	1.6679634117857869e-06
ENSG00000172404.4	50	concat_tss_atac_pca50	2.3135874561830265	5.016676527359378e-07
ENSG00000172459.2	50	concat_atac_pca50	2.3325242477917705	3.80279448541229e-07
ENSG00000172986.8	5	add_tss_cage_pca5	6.927563230722246	1.8627848311358765e-06
ENSG00000173531.11	50	concat_rnaseq_dnase_atac_pca50	2.2495054387224105	1.2674555815264848e-06
ENSG00000174151.10	50	concat_tss_atac_pca50	2.978222081680665	1.4778891808111462e-11
ENSG00000174173.6	50	concat_tss_rnaseq_cage_atac_pca50	2.2390690583881754	1.471608639306739e-06
ENSG00000174788.5	50	concat_rnaseq_pca50	2.240276616615901	1.446431283365654e-06
ENSG00000174804.3	50	concat_dnase_atac_pca50	2.2156832712999948	2.053066674144153e-06
ENSG00000175489.9	50	concat_atac_pca50	2.2342904055127093	1.575520654777897e-06
ENSG00000176022.3	50	concat_cage_pca50	2.247416645903729	1.3059602356281649e-06
ENSG00000176136.4	50	concat_rnaseq_atac_pca50	2.313171026398449	5.047251814797817e-07
ENSG00000176422.10	50	concat_tss_atac_pca50	2.8761606376968567	7.964326098525059e-11
ENSG00000176714.9	50	concat_rnaseq_cage_pca50	2.213065794899952	2.130716057346656e-06
ENSG00000176887.5	50	concat_tss_atac_pca50	2.343363608143793	3.2431191656642976e-07
ENSG00000177045.6	50	concat_tss_rnaseq_pca50	2.204115373655476	2.418573176126985e-06
ENSG00000177459.6	50	concat_cage_pca50	2.2140126556765902	2.102300549384531e-06
ENSG00000177508.11	50	concat_tss_atac_pca50	2.3181671089695874	4.692191138379521e-07
ENSG00000177692.7	50	concat_rnaseq_atac_pca50	2.2700450035526734	9.434291288221892e-07
ENSG00000178057.10	50	concat_atac_pca50	2.830759464160617	1.6707576631429783e-10
ENSG00000178531.4	50	concat_tss_atac_pca50	2.2143149100402653	2.09330815954282e-06
ENSG00000178591.6	50	concat_cage_pca50	2.296668204435393	6.417871864200614e-07
ENSG00000180016.2	50	concat_tss_cage_pca50	2.292811441331767	6.787449881733174e-07
ENSG00000180138.6	50	concat_cage_dnase_pca50	2.2152477286104184	2.0657925015189576e-06
ENSG00000181616.7	50	concat_rnaseq_dnase_pca50	2.208777648363333	2.2641801779019277e-06
ENSG00000182108.5	50	concat_rnaseq_cage_pca50	2.395753601684897	1.4929659187721944e-07
ENSG00000182170.3	50	concat_atac_pca50	2.437522300625604	7.985163115399746e-08
ENSG00000182544.8	50	concat_tss_atac_pca50	2.2059073175014925	2.3580506499430475e-06
ENSG00000182950.2	50	concat_rnaseq_pca50	2.264660329386491	1.0195245569426268e-06
ENSG00000183313.4	50	concat_atac_pca50	2.239631400796084	1.4598309591902558e-06
ENSG00000183615.5	50	concat_tss_atac_pca50	2.285164642836675	7.582985781698714e-07
ENSG00000183617.4	50	concat_cage_pca50	2.42393583406556	9.794540474038593e-08
ENSG00000183688.4	50	concat_tss_cage_pca50	2.235340927340184	1.5520780268313085e-06
ENSG00000184040.7	50	concat_atac_pca50	3.0786659734393447	2.749793405425744e-12
ENSG00000184110.10	5	add_tss_rnaseq_dnase_pca5	7.531465930438496	4.678114907411917e-07
ENSG00000184351.7	50	concat_tss_atac_pca50	2.2594498410202952	1.0988715996885795e-06
ENSG00000184436.7	50	concat_atac_pca50	2.277844031875912	8.429937128216448e-07
ENSG00000184502.3	50	concat_dnase_pca50	2.266747680283386	9.893378751505672e-07
ENSG00000184731.5	50	concat_cage_atac_pca50	2.210845515967061	2.1988291599007505e-06
ENSG00000184887.9	50	concat_rnaseq_cage_pca50	2.207579735882504	2.3029032574698063e-06
ENSG00000185112.4	50	concat_cage_dnase_pca50	2.222244995376399	1.8703784481908931e-06
ENSG00000185128.11	5	add_tss_rnaseq_pca5	7.290813305691788	8.121678739093477e-07
ENSG00000185294.5	50	concat_cage_pca50	2.415775476821076	1.1069322553379458e-07
ENSG00000185482.3	50	concat_cage_pca50	2.255747241023149	1.1589027057617956e-06
ENSG00000185594.4	50	concat_atac_pca50	2.369975667029061	2.1897041230002221e-07
ENSG00000186130.4	50	concat_dnase_pca50	2.305870896613765	5.613926726351934e-07
ENSG00000186806.5	50	concat_tss_rnaseq_pca50	2.220979176034826	1.9043355061842093e-06
ENSG00000187531.9	50	concat_tss_rnaseq_pca50	2.291782074531091	6.889569085008097e-07
ENSG00000187537.9	5	add_tss_rnaseq_dnase_pca5	7.662067633015373	3.4659793678240965e-07
ENSG00000187994.9	50	concat_dnase_pca50	2.217858181526445	1.9906587232314748e-06
ENSG00000188368.5	50	concat_atac_pca50	2.23878451400616	1.4776035335542457e-06
ENSG00000188428.12	50	concat_cage_pca50	2.321109080457346	4.494705169061981e-07
ENSG00000189030.8	50	concat_atac_pca50	2.226928036801394	1.7498264219113835e-06
ENSG00000189046.6	50	concat_cage_pca50	2.370161725380089	2.183678687173893e-07
ENSG00000196099.4	50	concat_atac_pca50	2.356170236849448	2.6854770196784444e-07
ENSG00000196119.5	50	concat_tss_atac_pca50	2.2035273015375902	2.438764393556172e-06
ENSG00000196123.8	50	concat_tss_rnaseq_dnase_atac_pca50	2.2549822514794355	1.1717003672892146e-06
ENSG00000197084.4	50	concat_tss_atac_pca50	2.8904995315861703	6.295810849600465e-11
ENSG00000197162.8	50	concat_rnaseq_dnase_atac_pca50	2.2797879710531395	8.196393251373608e-07
ENSG00000197263.2	50	concat_cage_pca50	2.240478672923514	1.4422598533868322e-06
ENSG00000197364.6	50	concat_atac_pca50	2.3290243758335154	4.0029933913667e-07
ENSG00000197713.10	50	concat_cage_pca50	2.35213033464736	2.850359516111096e-07
ENSG00000197978.8	5	add_tss_rnaseq_pca5	6.953572858271818	1.755478536190063e-06
ENSG00000198183.7	50	concat_tss_cage_pca50	2.286690980083132	7.417212718021375e-07
ENSG00000198585.7	50	concat_rnaseq_pca50	2.2844045424049577	7.666888930013843e-07
ENSG00000198858.5	50	concat_dnase_pca50	2.203899483597369	2.425966603362695e-06
ENSG00000198967.3	50	concat_tss_cage_pca50	2.278876197716158	8.305132362047805e-07
ENSG00000203663.2	50	concat_atac_pca50	2.4860377035164265	3.8303641379920996e-08
ENSG00000204370.4	50	concat_tss_rnaseq_pca50	2.2137347500639155	2.110601888141193e-06
ENSG00000204513.5	50	concat_tss_dnase_pca50	2.350703848969258	2.9109231604834534e-07
ENSG00000204673.6	50	concat_rnaseq_cage_atac_pca50	2.403852620513264	1.3230286388940378e-07
ENSG00000205030.1	50	concat_tss_atac_pca50	2.210503011550742	2.209524359930738e-06
ENSG00000205329.1	50	concat_tss_atac_pca50	2.535426103262656	1.7983019088831676e-08
ENSG00000205572.5	5	add_rnaseq_cage_dnase_atac_pca5	9.226056824051838	9.323413632533061e-09
ENSG00000205791.2	50	concat_atac_pca50	2.339793337997576	3.417889553862132e-07
ENSG00000205867.2	50	concat_tss_atac_pca50	2.213180040639509	2.127267679679146e-06
ENSG00000212916.3	50	concat_tss_cage_pca50	2.3988117201507286	1.426415205649157e-07
ENSG00000212999.1	50	concat_tss_atac_pca50	3.5121654782907954	1.5289090753523873e-15
ENSG00000213281.4	50	concat_dnase_pca50	2.237132221388868	1.5128902869700332e-06
ENSG00000213516.5	50	concat_tss_rnaseq_cage_dnase_pca50	2.2190506562408383	1.957233324283164e-06
ENSG00000213648.6	5	add_tss_rnaseq_dnase_pca5	9.09478267945842	1.26481683596466e-08
ENSG00000213928.4	50	concat_atac_pca50	2.3126718937407484	5.084140393161569e-07
ENSG00000213937.3	50	concat_atac_pca50	2.202390620409104	2.4782603519404703e-06
ENSG00000214706.6	50	concat_tss_dnase_pca50	2.3802086462606584	1.8814147865521445e-07
ENSG00000214940.4	5	add_tss_rnaseq_dnase_pca5	8.475427577098708	5.314239181235313e-08
ENSG00000215356.3	50	concat_atac_pca50	2.532048967798679	1.8942151883329878e-08
ENSG00000218537.1	50	concat_dnase_atac_pca50	2.24731026462867	1.307951630011642e-06
ENSG00000221880.2	50	concat_tss_cage_pca50	2.2362849416341457	1.5313037514494844e-06
ENSG00000221888.2	50	concat_tss_cage_pca50	2.388269393812579	1.6689884255755129e-07
ENSG00000221923.4	50	concat_rnaseq_pca50	2.236459045987274	1.527502209771632e-06
ENSG00000222046.2	50	concat_rnaseq_cage_pca50	2.369985109992829	2.189397922626585e-07
ENSG00000224130.1	50	concat_rnaseq_pca50	2.2371659989157493	1.5121607307918612e-06
ENSG00000224383.3	50	concat_atac_pca50	2.3539848425439804	2.7734712645935304e-07
ENSG00000226490.1	50	concat_atac_pca50	2.210777552437896	2.2009473837621204e-06
ENSG00000228768.1	50	concat_tss_atac_pca50	2.372534671665066	2.1082461817106715e-07
ENSG00000231145.1	50	concat_atac_pca50	2.2176768130881293	1.9957912376232395e-06
ENSG00000232423.3	50	concat_atac_pca50	2.257518106488128	1.1298007598417605e-06
ENSG00000232941.1	50	concat_atac_pca50	2.4869951770820085	3.7749215672875054e-08
ENSG00000233198.2	50	concat_atac_pca50	2.3167043552203306	4.793527045547172e-07
ENSG00000235034.2	50	concat_tss_rnaseq_atac_pca50	2.270737562966215	9.34055396455019e-07
ENSG00000240972.1	50	concat_atac_pca50	2.286058158425965	7.485506653365015e-07
ENSG00000243749.1	50	concat_rnaseq_cage_atac_pca50	2.2153491882249448	2.062821142554005e-06
ENSG00000244617.1	50	concat_atac_pca50	2.219143162790848	1.9546634220890674e-06
ENSG00000247626.3	50	concat_atac_pca50	2.228318782214833	1.7155142458959614e-06
ENSG00000254647.2	50	concat_tss_atac_pca50	4.100234877224867	3.611076948879528e-20
ENSG00000255150.1	50	concat_atac_pca50	2.252562045323711	1.2131072888529377e-06
ENSG00000255223.2	50	concat_atac_pca50	2.206345250669171	2.343486347364733e-06
ENSG00000255748.1	50	concat_tss_atac_pca50	3.4599049848041408	3.8435507454222644e-15
ENSG00000256530.1	50	concat_tss_atac_pca50	2.2720290486171453	9.168185016431516e-07
ENSG00000256812.1	50	concat_tss_atac_pca50	2.2040014336699896	2.422472443489113e-06
ENSG00000256980.4	50	concat_tss_cage_pca50	2.2072518444185447	2.313614967253801e-06
ENSG00000257341.1	50	concat_tss_atac_pca50	2.381863873573165	1.8357300508700219e-07
ENSG00000258928.1	50	concat_rnaseq_cage_dnase_pca50	2.232626035480408	1.6133730204849018e-06
ENSG00000261739.2	5	add_cage_atac_pca5	8.746155156846136	2.8395970512702705e-08
ENSG00000265690.3	50	concat_atac_pca50	2.2783446123607622	8.369181262863131e-07
ENSG00000267802.1	50	concat_atac_pca50	2.930937711743426	3.2353317524587235e-11
ENSG00000267819.1	5	add_tss_rnaseq_cage_pca5	9.046361641335608	1.4153263187756234e-08
ENSG00000267909.1	50	concat_cage_pca50	2.235893168935539	1.5398919603781175e-06
ENSG00000268046.1	50	concat_tss_atac_pca50	2.354329608076951	2.7594035511892225e-07
ENSG00000268091.1	50	concat_tss_rnaseq_dnase_pca50	2.243240664636172	1.38640657498768e-06
ENSG00000268317.1	50	concat_cage_dnase_atac_pca50	2.2120497521236437	2.161625776211554e-06
ENSG00000268467.1	50	concat_atac_pca50	2.44921776686939	6.694225654348616e-08
ENSG00000268488.1	50	concat_tss_atac_pca50	2.207726287974784	2.2981313303343163e-06
ENSG00000269279.1	50	concat_tss_rnaseq_pca50	2.3716295152289564	2.136712727356651e-07
ENSG00000269766.1	50	concat_tss_atac_pca50	2.2892112151352686	7.151240972673887e-07
ENSG00000270249.1	5	add_tss_rnaseq_cage_dnase_atac_pca5	8.545279072879872	4.5212973932052063e-08
ENSG00000270466.1	50	concat_cage_pca50	2.2189079013416424	1.961205654373361e-06
